{
	"info": {
		"_postman_id": "be3e8dcb-976c-43b5-acfe-cda31151f2e1",
		"name": "Adiq Digital Sandbox",
		"schema": "https://schema.getpostman.com/json/collection/v2.1.0/collection.json",
		"_exporter_id": "21487848"
	},
	"item": [
		{
			"name": "01 - Authentication",
			"item": [
				{
					"name": "/auth/oauth2/v1/token",
					"event": [
						{
							"listen": "test",
							"script": {
								"exec": [
									"var jsonData = JSON.parse(responseBody);\r",
									"pm.environment.unset(\"TOKEN\");\r",
									"pm.globals.set(\"TOKEN\", jsonData.accessToken);"
								],
								"type": "text/javascript",
								"packages": {}
							}
						}
					],
					"request": {
						"auth": {
							"type": "basic",
							"basic": [
								{
									"key": "password",
									"value": "{{ClientSecret}}",
									"type": "string"
								},
								{
									"key": "username",
									"value": "{{ClientId}}",
									"type": "string"
								}
							]
						},
						"method": "POST",
						"header": [],
						"body": {
							"mode": "raw",
							"raw": "{\r\n  \"grantType\": \"client_credentials\"\r\n}",
							"options": {
								"raw": {
									"language": "json"
								}
							}
						},
						"url": {
							"raw": "{{URL}}/auth/oauth2/v1/token",
							"host": [
								"{{URL}}"
							],
							"path": [
								"auth",
								"oauth2",
								"v1",
								"token"
							]
						}
					},
					"response": []
				}
			]
		},
		{
			"name": "02 - Card",
			"item": [
				{
					"name": "/v1/tokens/cards",
					"event": [
						{
							"listen": "test",
							"script": {
								"exec": [
									"var jsonData = JSON.parse(responseBody);\r",
									"pm.environment.unset(\"NUMBER_TOKEN\");\r",
									"pm.globals.set(\"NUMBER_TOKEN\", jsonData.numberToken);"
								],
								"type": "text/javascript",
								"packages": {}
							}
						}
					],
					"request": {
						"auth": {
							"type": "bearer",
							"bearer": [
								{
									"key": "token",
									"value": "{{TOKEN}}",
									"type": "string"
								}
							]
						},
						"method": "POST",
						"header": [],
						"body": {
							"mode": "raw",
							"raw": "{\r\n   \"cardNumber\":\"5200000000001005\"\r\n}",
							"options": {
								"raw": {
									"language": "json"
								}
							}
						},
						"url": {
							"raw": "{{URL}}/v1/tokens/cards",
							"host": [
								"{{URL}}"
							],
							"path": [
								"v1",
								"tokens",
								"cards"
							]
						}
					},
					"response": []
				}
			]
		},
		{
			"name": "03 - Payment",
			"item": [
				{
					"name": "/v1/payments CAPTURA IMEDIATA",
					"request": {
						"auth": {
							"type": "bearer",
							"bearer": [
								{
									"key": "token",
									"value": "{{TOKEN}}",
									"type": "string"
								}
							]
						},
						"method": "POST",
						"header": [],
						"body": {
							"mode": "raw",
							"raw": "{\r\n   \"payment\":{\r\n      \"transactionType\":\"credit\",\r\n      \"amount\":2500,      \r\n      \"currencyCode\":\"brl\",\r\n      \"productType\":\"avista\",\r\n      \"installments\":1,\r\n      \"captureType\":\"ac\",\r\n      \"recurrent\":false\r\n   },\r\n   \"cardInfo\":{      \r\n      \"numberToken\":\"{{NUMBER_TOKEN}}\",\r\n      \"cardholderName\":\"Joe Doe\",\r\n      \"securityCode\":\"123\",\r\n      \"expirationMonth\":\"07\",\r\n      \"expirationYear\":\"40\"\r\n   },\r\n   \"Customer\":{\r\n      \"DocumentType\":1,\r\n      \"DocumentNumber\":\"51115672088\",\r\n      \"FirstName\":\"Joe\",\r\n      \"LastName\":\"Doe\",\r\n      \"Email\":\"joe.doe@email.com\",\r\n      \"PhoneNumber\":\"1199999999\",\r\n      \"MobilePhoneNumber\":\"11999999999\",\r\n      \"Address\":\"Rua Olveira Vieira, 134\",\r\n      \"Complement\":\"apto. 22 - Vila Guarani\",\r\n      \"City\":\"São Paulo\",\r\n      \"State\":\"SP\",\r\n      \"ZipCode\":\"09876-098\",\r\n      \"IpAddress\":\"41.261.933.248\",\r\n      \"Country\":\"BR\"\r\n   },\r\n   \"sellerInfo\":{\r\n      \"orderNumber\":\"0000000000001\",\r\n      \"softDescriptor\":\"TAX*EMPRESA\",\r\n      \"xid\":\"\",\r\n      \"eci\":\"\",\r\n      \"code3DS\":\"ba427c13-3f10-4d50-bb16-256ea33f965d\", \r\n      \"urlSite3DS\":\"estabelecimento.com.br\",\r\n      \"codeAntiFraud\":\"C56A4180-65AA-42EC-A945-5FD21DEC0538\"\r\n   },\r\n   \"sellers\":[\r\n   ],\r\n   \"DeviceInfo\":{ \r\n      \"HttpAcceptBrowserValue\":\"text/html,application/xhtml+xml,application/xml;q=0.9,image/webp,image/apng,*/*;q=0.8\",\r\n      \"HttpAcceptContent\":\"text/html,application/xhtml+xml,application/xml;q=0.9,image/webp,image/apng,*/*;q=0.8\",\r\n      \"HttpBrowserLanguage\":\"pt-BR\",\r\n      \"HttpBrowserJavaEnabled\":\"N\",\r\n      \"HttpBrowserJavaScriptEnabled\":\"Y\",\r\n      \"HttpBrowserColorDepth\":\"24\",\r\n      \"HttpBrowserScreenHeight\":\"937\",\r\n      \"HttpBrowserScreenWidth\":\"1920\",\r\n      \"HttpBrowserTimeDifference\":\"180\",\r\n      \"UserAgentBrowserValue\":\"Mozilla/5.0 (Windows NT 10.0; Win64; x64) AppleWebKit/537.36 (KHTML, like Gecko) Chrome/85.0.4183.102 Safari/537.36\"\r\n    }\r\n}",
							"options": {
								"raw": {
									"language": "json"
								}
							}
						},
						"url": {
							"raw": "{{URL}}/v1/payments",
							"host": [
								"{{URL}}"
							],
							"path": [
								"v1",
								"payments"
							]
						}
					},
					"response": []
				},
				{
					"name": "/v1/payments CAPTURA TARDIA",
					"event": [
						{
							"listen": "test",
							"script": {
								"exec": [
									"var jsonData = JSON.parse(responseBody);\r",
									"pm.environment.unset(\"PAYMENTID\");\r",
									"pm.globals.set(\"PAYMENTID\", jsonData.paymentAuthorization.paymentId);"
								],
								"type": "text/javascript",
								"packages": {}
							}
						}
					],
					"request": {
						"auth": {
							"type": "bearer",
							"bearer": [
								{
									"key": "token",
									"value": "{{TOKEN}}",
									"type": "string"
								}
							]
						},
						"method": "POST",
						"header": [],
						"body": {
							"mode": "raw",
							"raw": "{\r\n   \"payment\":{\r\n      \"transactionType\":\"credit\",\r\n      \"amount\":2500,      \r\n      \"currencyCode\":\"brl\",\r\n      \"productType\":\"avista\",\r\n      \"installments\":1,\r\n      \"captureType\":\"pa\",\r\n      \"recurrent\":false\r\n   },\r\n   \"cardInfo\":{      \r\n      \"numberToken\":\"{{NUMBER_TOKEN}}\",\r\n      \"cardholderName\":\"Joe Doe\",\r\n      \"securityCode\":\"123\",\r\n      \"expirationMonth\":\"07\",\r\n      \"expirationYear\":\"40\"\r\n   },\r\n   \"Customer\":{\r\n      \"DocumentType\":1,\r\n      \"DocumentNumber\":\"51115672088\",\r\n      \"FirstName\":\"Joe\",\r\n      \"LastName\":\"Doe\",\r\n      \"Email\":\"joe.doe@email.com\",\r\n      \"PhoneNumber\":\"1122542454\",\r\n      \"MobilePhoneNumber\":\"11999999999\",\r\n      \"Address\":\"Rua Olveira Vieira, 134\",\r\n      \"Complement\":\"apto. 22 - Vila Guarani\",\r\n      \"City\":\"São Paulo\",\r\n      \"State\":\"SP\",\r\n      \"ZipCode\":\"09876-098\",\r\n      \"IpAddress\":\"41.261.933.248\",\r\n      \"Country\":\"BR\"\r\n   },\r\n   \"sellerInfo\":{\r\n      \"orderNumber\":\"0000000000001\",\r\n      \"softDescriptor\":\"SAND*BOX\",\r\n      \"xid\":\"\",\r\n      \"eci\":\"\",\r\n      \"code3DS\":\"ba427c13-3f10-4d50-bb16-256ea33f965d\", \r\n      \"urlSite3DS\":\"estabelecimento.com.br\",\r\n      \"codeAntiFraud\":\"C56A4180-65AA-42EC-A945-5FD21DEC0538\"\r\n   },\r\n   \"sellers\":[\r\n   ],\r\n   \"DeviceInfo\":{ \r\n      \"HttpAcceptBrowserValue\":\"text/html,application/xhtml+xml,application/xml;q=0.9,image/webp,image/apng,*/*;q=0.8\",\r\n      \"HttpAcceptContent\":\"text/html,application/xhtml+xml,application/xml;q=0.9,image/webp,image/apng,*/*;q=0.8\",\r\n      \"HttpBrowserLanguage\":\"pt-BR\",\r\n      \"HttpBrowserJavaEnabled\":\"N\",\r\n      \"HttpBrowserJavaScriptEnabled\":\"Y\",\r\n      \"HttpBrowserColorDepth\":\"24\",\r\n      \"HttpBrowserScreenHeight\":\"937\",\r\n      \"HttpBrowserScreenWidth\":\"1920\",\r\n      \"HttpBrowserTimeDifference\":\"180\",\r\n      \"UserAgentBrowserValue\":\"Mozilla/5.0 (Windows NT 10.0; Win64; x64) AppleWebKit/537.36 (KHTML, like Gecko) Chrome/85.0.4183.102 Safari/537.36\"\r\n    }\r\n}",
							"options": {
								"raw": {
									"language": "json"
								}
							}
						},
						"url": {
							"raw": "{{URL}}/v1/payments",
							"host": [
								"{{URL}}"
							],
							"path": [
								"v1",
								"payments"
							]
						}
					},
					"response": []
				}
			]
		},
		{
			"name": "04 - Captura",
			"item": [
				{
					"name": "/v1/payments/{{PAYMENTID}}/capture",
					"request": {
						"auth": {
							"type": "bearer",
							"bearer": [
								{
									"key": "token",
									"value": "{{TOKEN}}",
									"type": "string"
								}
							]
						},
						"method": "PUT",
						"header": [],
						"body": {
							"mode": "raw",
							"raw": "{\r\n  \"amount\": 100\r\n}",
							"options": {
								"raw": {
									"language": "json"
								}
							}
						},
						"url": {
							"raw": "{{URL}}/v1/payments/{{PAYMENTID}}/capture",
							"host": [
								"{{URL}}"
							],
							"path": [
								"v1",
								"payments",
								"{{PAYMENTID}}",
								"capture"
							]
						}
					},
					"response": []
				}
			]
		},
		{
			"name": "05 - Cancelamento",
			"item": [
				{
					"name": "/v1/payments/{{PAYMENTID}}/cancel",
					"request": {
						"auth": {
							"type": "bearer",
							"bearer": [
								{
									"key": "token",
									"value": "{{TOKEN}}",
									"type": "string"
								}
							]
						},
						"method": "PUT",
						"header": [],
						"body": {
							"mode": "raw",
							"raw": "{\r\n  \"amount\": 100\r\n}",
							"options": {
								"raw": {
									"language": "json"
								}
							}
						},
						"url": {
							"raw": "{{URL}}/v1/payments/{{PAYMENTID}}/cancel",
							"host": [
								"{{URL}}"
							],
							"path": [
								"v1",
								"payments",
								"{{PAYMENTID}}",
								"cancel"
							]
						}
					},
					"response": []
				}
			]
		},
		{
			"name": "06 - Api de Consulta",
			"item": [
				{
					"name": "/v1/payments/{{PAYMENTID}}",
					"request": {
						"auth": {
							"type": "bearer",
							"bearer": [
								{
									"key": "token",
									"value": "{{TOKEN}}",
									"type": "string"
								}
							]
						},
						"method": "GET",
						"header": [],
						"url": {
							"raw": "{{URL}}/v1/payments/{{PAYMENTID}}",
							"host": [
								"{{URL}}"
							],
							"path": [
								"v1",
								"payments",
								"{{PAYMENTID}}"
							]
						}
					},
					"response": []
				},
				{
					"name": "/v1/transactions Consulta pelo orderNumber",
					"protocolProfileBehavior": {
						"disableBodyPruning": true
					},
					"request": {
						"auth": {
							"type": "bearer",
							"bearer": [
								{
									"key": "token",
									"value": "{{TOKEN}}",
									"type": "string"
								}
							]
						},
						"method": "GET",
						"header": [],
						"body": {
							"mode": "raw",
							"raw": "{\r\n    \"orderNumberOrigin\": \"0000000000001\"\r\n}",
							"options": {
								"raw": {
									"language": "json"
								}
							}
						},
						"url": {
							"raw": "{{URL}}/v1/transactions",
							"host": [
								"{{URL}}"
							],
							"path": [
								"v1",
								"transactions"
							]
						}
					},
					"response": []
				}
			]
		}
	]
}