{
	"id": "14f9ddaf-4601-4b26-bd23-82802018b630",
	"name": "Adiq Digital Sandbox",
	"values": [
		{
			"key": "URL",
			"value": "https://ecommerce-sandbox.adiq.io",
			"type": "default",
			"enabled": true
		},
		{
			"key": "ClientId",
			"value": "chave clientId do sandbox",
			"type": "default",
			"enabled": true
		},
		{
			"key": "ClientSecret",
			"value": "chave clientSecret do sandbox",
			"type": "default",
			"enabled": true
		}
	],
	"_postman_variable_scope": "environment",
	"_postman_exported_at": "2024-10-08T21:20:34.374Z",
	"_postman_exported_using": "Postman/11.15.0"
}